PersonID,FirstName,LastName,TeamID,HomeTownID
1,Ralph,Frias,1,19
2,Grayson,Barry,1,20
3,K.J.,Jarrell,1,20
4,Ryan,Kelley,1,10
5,Tyler,Whiley,1,20
6,Chase,Lucas,1,10
7,Angel,Ruiz,1,16
8,Paul,Lucas,1,17
9,Kyle,Soelle,1,20
10,Alijah,Gammage,1,17
11,Tyler,Johnson,1,11
12,Kevin,Macias,1,15
13,Christian,Zendejas,1,10
14,Caleb,McShanag,1,17
15,Jordan,Ware,1,16
16,Casey,Tucker,1,11
17,Jordan,Hoyt,1,10
18,Quinn,Bailey,1,11
19,Kyle,Breed,1,22
20,Joseph,Reeves,1,9
21,Marco,Salas,1,15
22,Jesse,Cozens,1,21
23,Anthony,Nicastro,1,21
24,Jonathan,Sanchez,1,15
25,Michael,Tate,1,11
26,Steven,Miller,1,11
27,Cade,Cote,1,11
28,Corey,Stephens,1,20
29,Mark,Walton,1,23
30,Curtis,Hodges,1,15
31,Jarick,Caldwell,1,10
32,Michael,Gombert,1,20
33,Nami,Tuitu'u,1,15
34,Erik,Dickerson,1,20
35,Joseph,Zepp,1,20
36,D.J.,Davidson,1,15
37,N'Keal,Harry,1,10
38,Brandon,Ruiz,1,11
39,Darien,Butler,1,47
40,Brandon,Aiyuk,1,84
41,Manny,Wilkins,1,73
42,Kobe,Williams,1,61
43,Beau,Barrington,1,93
44,Merlin,Robertson,1,44
45,Jay Jay,Wilson,1,101
46,Kyle,Williams,1,68
47,Darien,Cornay,1,62
48,Bobby,Avina,1,66
49,Aashari,Crosswell,1,61
50,Matthew,Bazarevitsch,1,79
51,Khaylan,Kearse-Thomas,1,81
52,Keith,Davis,1,88
53,Demonte,King,1,27
54,Dasmond,Tautalatasi,1,34
55,Isaiah,Floyd,1,80
56,Malik,Lawal,1,98
57,Jalen,Harvey,1,40
58,Ely,Doyle,1,65
59,Jarrett,Bell,1,71
60,Zach,Robertson,1,27
61,Reggie,Hughes,1,28
62,Alex,Losoya,1,92
63,Tyson,Rising,1,102
64,Roy,Hemsley,1,63
65,Eddie,Medina,1,31
66,Cohl,Cabral,1,81
67,Geordon,Porter,1,81
68,C.J.,Jarmon,1,97
69,Tommy,Hudson,1,89
70,Ceejhay,French-Love ,1,61
71,Jermayne,Lole,1,61
72,Spencer,Lovell,1,161
73,Preston,Liger,1,109
74,Dougladson,Subtyl,1,108
75,Ryan,Jenkins,1,114
76,Joey,Bryant,1,119
77,Parker,Higgins,1,118
78,Josh,Pokraka,1,118
79,Tyerell,Baldonado-Kaeiopu,1,120
80,Tannor,Park,1,123
81,Kurt,Walding,1,163
82,Terrell,Chatman,1,164
83,A.J.,Carter,1,166
84,George,Lea,1,167
85,Jalen,Bates,1,165
86,Shannon,Forman,1,164
87,Koron,Crump,1,130
88,Renell,Wren,1,130
89,Darius,Slade,1,176
90,Mark,Cosgrove,1,178
91,Frank,Darby,1,174
92,Kyle,Remo ,1,175
93,Cody,French ,1,179
94,Jared,Bubak,1,180
95,Evan,Fields,1,181
96,Benjamin,Winans,1,183
97,Eno,Benjamin,1,153
98,Dominique,Harrison,1,145
99,John,Humphrey,1,147
100,Stanley,Lambert,1,151
101,Cam,Phillips,1,145
102,Dillon,Sterling-Cole,1,145
103,Ryan,Newsome ,1,136
104,Langston,Frederick,1,147
105,Nick,Ralston,1,138
106,Trelon,Smith,1,145
107,Michael,Turk,1,141
108,Ty,Thomas,1,148
109,Tavian,Gould,1,152
110,Brock,Sturges,1,137
111,Ochuko,Duke,1,137
112,Michael,Matus,1,146
113,John,O'Brien,1,150
114,Michael,Sleep-Dalton,1,1
115,Terin,Adams,1,189
116,Mason,Schell,1,190
117,Riley,John ,1,158
118,Kyle,Jones,1,159
119,Dereck,Boles,2,2
120,Troy,Young,2,6
121,Drew,Dixon,2,22
122,Rhett,Rodriguez,2,22
123,Malcolm,Holland,2,10
124,Jamarye,Joiner,2,22
125,Luke,Ashworth,2,17
126,Jake,Glatting,2,17
127,Shawn,Poindexter,2,16
128,Matt,Aragon,2,22
129,Terrence,Johnson,2,22
130,Branden,Leon,2,13
131,Rourke,Freeburg,2,20
132,Parker,Henley,2,10
133,Jalen,Harris,2,15
134,Josh,McCauley,2,15
135,Donald,Reiter,2,12
136,Rexx,Tessler,2,20
137,Nick,Reinhardt,2,20
138,Layth,Friekh,2,12
139,My-King,Johnson,2,17
140,Steven,Bailey,2,14
141,Nathan,Eldridge,2,8
142,David,Watson,2,22
143,Tyrell,Aponte,2,16
144,Tyson,Gardner,2,18
145,Dante,Blissit,2,13
146,Stanley,Berryhill III,2,22
147,Matt,Thomas,2,22
148,Finton,Connolly,2,11
149,Demetrius,Flannigan-Fowles,2,22
150,Lorenzo,Burns,2,68
151,Brian,Casteel,2,79
152,Devaughn,Cooper,2,63
153,Colin,Schooler,2,37
154,Tony,Ellison,2,46
155,JB,Brown,2,61
156,Chacho,Ulloa,2,35
157,Khalil,Tate,2,50
158,Kylan,Wilborn,2,72
159,McKenzie,Barnes,2,43
160,Andrew,Tovar,2,95
161,Jace,Whittaker,2,75
162,Cedric,Peterson,2,67
163,Scottie,Young Jr.,2,88
164,Azizi,Hearn,2,75
165,Isaiah,Hayes,2,63
166,J.J.,Taylor,2,35
167,Rhedi,Short,2,63
168,Anthony,Mariscal,2,26
169,Anthony,Pandy,2,29
170,Nazar,Bombata,2,63
171,Nathan,Tilford,2,42
172,Jacob,Colacion,2,54
173,Chandler,Gumbs,2,38
174,Xavier,Bell,2,61
175,Dylan,Klumph,2,64
176,Lucas,Havrisik,2,83
177,Kurtis,Brown,2,26
178,Issaiah,Johnson,2,103
179,Lee,Anderson III,2,67
180,PJ,Johnson,2,86
181,Richard,Merritt,2,33
182,Bryson,Cain,2,98
183,Nahe,Sulunga,2,50
184,Mykee,Irving,2,28
185,Alex,Kosinski,2,60
186,Cody,Creason,2,41
187,Donovan,Laie,2,75
188,Jake,Peters,2,36
189,Jailen,Bailey,2,88
190,Thomas,Marcus Jr.,2,88
191,Jamie,Nunley,2,68
192,Sione,Taufahema,2,65
193,Robert,Congel,2,162
194,Jimmy,Banjoko-Wangjobe,2,110
195,K'Hari,Lane,2,115
196,Zach,Williams,2,113
197,Michael,Eletise,2,118
198,Josh,Pollack,2,125
199,Jarrius,Wallace,2,169
200,Antonio,Parks,2,167
201,Shun,Brown,2,168
202,Tim,Hough,2,170
203,Tshiyombu,Lukusa,2,173
204,Jalen,Cochran,2,171
205,Bryce,Wolma,2,172
206,Josh,Szott,2,177
207,Tony,Fields II,2,132
208,Malik,Hausman,2,132
209,Edgar,Burrola,2,132
210,Justin,Belknap,2,131
211,Gary,Brightwell,2,182
212,Christian,Young,2,145
213,Dayven,Coleman,2,141
214,William,Gunnell,2,145
215,Darrius,Smith,2,145
216,Tristan,Cooper,2,143
217,Blake,Pfaff,2,149
218,Geno,Albini,2,139
219,Tre,Adams,2,144
220,Brice,Vooletich,2,145
221,Abraham,Maiava,2,184
222,Sammy,Morrison,2,188
223,Thomas,Reid III,2,186
224,Jon,Jacobs,2,187
225,Kevin,Doyle,2,157
226,Brandon,Pili,3,4
227,Velus,Jones Jr.,3,7
228,Spencer,Gilbert,3,5
229,Chris,Tilbey,3,191
230,Isaiah,Pola-Mao,3,17
231,Zach,Wilson,3,20
232,AJ,Mageo,3,15
233,Austin,Jackson,3,17
234,Connor,Murphy,3,15
235,Devon,Williams,3,59
236,Olaijah,Griffin,3,61
237,Trevor,Scully,3,55
238,Michael,Pittman Jr.,3,107
239,Isaac,Taylor-Stuart,3,88
240,Stephen,Carr,3,44
241,Marvell,Tell III,3,79
242,Iman,Marshall,3,61
243,Amon-Ra,St. Brown,3,25
244,Greg,Johnson,3,63
245,John,Houston Jr.,3,29
246,Jack,Sears,3,87
247,Brandon,Perdue,3,94
248,Trevon,Sidney,3,79
249,Dominic,Davis,3,63
250,Holden,Thomas,3,78
251,Chase,Williams,3,35
252,JT,Daniels,3,51
253,Raymond,Scott,3,47
254,Matt,Fink,3,81
255,Tyler,Vaughns,3,79
256,Jonathan,Lockett,3,27
257,Isaiah,Langley,3,48
258,Jake,Russell,3,87
259,Ajene,Harris,3,63
260,C.J.,Pollard,3,29
261,Jordan,McMillan,3,63
262,Hunter,Echols,3,63
263,Richard,Hagestad,3,39
264,Matt,Nyman,3,63
265,Cameron,Smith,3,85
266,Jack,Webster,3,53
267,Davonte,Nunnery,3,77
268,Jac,Casasante,3,24
269,Howard,Felder Jr.,3,105
270,Quincy,Jountti,3,26
271,Chase,McGrath,3,70
272,Abdul-Malik,McClain,3,90
273,Malik,Dorton,3,63
274,Reid,Budrovich,3,100
275,James,Bermingham Jr.,3,57
276,Reuben,Peters,3,106
277,Matt,Bayle,3,91
278,Michael,Brown,3,98
279,Toa,Lobendahn,3,30
280,Bernard,Schirmer,3,61
281,Jacob,Daniel,3,43
282,Bryce,Matthews,3,63
283,Jalen,McKenzie,3,34
284,Jordan,Austin,3,32
285,Justin,Dedich,3,98
286,Solomon,Tuliaupupu,3,92
287,Isaac,Franco,3,63
288,Damon,Johnson,3,45
289,Jake,Olson,3,49
290,Brett,Neilon,3,82
291,Frank,Martin II,3,104
292,Mark,Zuvich,3,58
293,Liam,Douglass,3,99
294,Andrew,Vorhees,3,52
295,Alijah,Vera-Tucker,3,74
296,Clayton,Bradley,3,76
297,Chris,Brown,3,63
298,Tyler,Petite,3,56
299,Josh,Falo,3,86
300,Erik,Krommenhoek,3,38
301,Christian,Rector,3,96
302,Liam,Jimmons,3,49
303,Caleb,Tremblay,3,69
304,Keyshawn 'Pie',Young,3,109
305,Jacob,Lichtenstein,3,111
306,Josh,Imatorbhebhe,3,116
307,Chuma,Edoga,3,112
308,Daniel,Imatorbhebhe,3,116
309,Kana'i,Mauga,3,121
310,Vavae,Malepeai,3,117
311,Jordan,Iosefa,3,122
312,Ben,Easington,3,124
313,Austin,Applebee,3,126
314,Markese,Stepp,3,127
315,Oluwole,Betiku Jr.,3,3
316,Wyatt,Schmidt,3,128
317,Trevor,Trout,3,129
318,Palaie,Gaoteote IV,3,132
319,Bubba,Bolden,3,132
320,Randal,Grimes,3,132
321,Talanoa,Hufanga,3,133
322,Eli'jah,Winston,3,135
323,Marlon,Tuipulotu,3,134
324,Juliano,Falaniko,3,185
325,Levi,Jones,3,139
326,Thomas,Fitts,3,141
327,Aca'Cedric,Ware,3,142
328,Chris,Edmondson,3,140
329,Alex,Stadthaus,3,139
330,Porter,Gustin,3,154
331,Tayler,Katoa,3,155
332,Jay,Tufele,3,156
333,Matthew,Hocum,3,160
334,Herm,Edwards,1,
335,John,Simon,1,
336,Rob,Likens,1,
337,Danny,Gonzales,1,
338,Shawn,Slocum,1,
339,Tony,White,1,
340,Antonio,Pierce,1,
341,Shaun,Nua,1,
342,Charlie,Fisher,1,
343,Dave,Christensen,1,
344,Donnie,Yantis,1,
345,Joe,Connolly,1,
346,Trey,Anderson,1,
347,Charlie,Renfree,1,
348,Brandon,Blackmon,1,
349,Lloyd,Carrington,1,
350,Sam,Bennett,1,
351,Derek,Hagan,1,
352,Kevin,Mawae,1,
353,Tim,Cassidy,1,
354,Cesar,Ochoa,1,
355,Kyle,Gray,1,
356,Markus,Alleyne,1,
357,Nate,Wainwright,1,
358,Kevin,Sumlin,2,
359,Noel,Mazzone,2,
360,Marcel,Yates,2,
361,Theron,Aych,2,
362,Joe,Gilbert,2,
363,Clarence,McKinney,2,
364,Demetrice,Martin,2,
365,Taylor,Mazzone,2,
366,John,Rushing,2,
367,Jeremy,Springer,2,
368,Iona,Uiagalelei,2,
369,Chuck,Cecil,2,
370,Clay,Helton,3,
371,Tee,Martin,3,
372,Clancy,Pendergast,3,
373,John,Baxter,3,
374,Johnny,Nansen,3,
375,Tim,Drevno,3,
376,Neil,Callaway,3,
377,Ronnie,Bradford,3,
378,Kenechi,Udeze,3,
379,Bryan,Ellis,3,
380,Keary,Colbert,3,
381,Dane,Stevens,3,
382,Prentice,Gill,3,
383,Trevor,Guyton,3,
384,Michael,Hutchings,3,
385,Steve,Murillo,3,
386,Lenny,Vandermade,3,
387,Andy,LaRussa,3,
388,Mike,Goff,3,
389,Joe,DeForest,3,
390,Brett,Arce,3,
391,Joseph,Wood,3,
392,Cheryl,Taplin,3,
393,Sam,Curtis,3,
394,Travis,Taylor,3,
395,Eric,Ziskin,3,
396,Gavin,Morris,3,
397,Trey,Johnson,3,
398,Ryan,Miller,3,
399,Ivan,Lewis,3,
400,Keith,Belton,3,
401,Mark,Philipp,3,
402,Tim,Ojeda,3,
403,Josh,Heidegger,3,
404,Danny,Van Dijk,3,
405,Andrea,Vanderwoude,3,
406,Eric,Espinoza,3,
407,Daniel,Dmytrisin,3,
408,Arthur,D'Angelo,3,